Division_EN,Division_BN,District_EN,District_BN
Barishal,বরিশাল,Barguna,বরগুনা
Barishal,বরিশাল,Barishal,বরিশাল
Barishal,বরিশাল,Bhola,ভোলা
Barishal,বরিশাল,Jhalokathi,ঝালকাঠি
Barishal,বরিশাল,Patuakhali,পটুয়াখালী
Barishal,বরিশাল,Pirojpur,পিরোজপুর
Chattogram,চট্টগ্রাম,Bandarban,বান্দরবান
Chattogram,চট্টগ্রাম,Brahmanbaria,ব্রাহ্মণবাড়িয়া
Chattogram,চট্টগ্রাম,Chandpur,চাঁদপুর
Chattogram,চট্টগ্রাম,Chattogram,চট্টগ্রাম
Chattogram,চট্টগ্রাম,Cumilla,কুমিল্লা
Chattogram,চট্টগ্রাম,Cox's Bazar,কক্সবাজার
Chattogram,চট্টগ্রাম,Feni,ফেনী
Chattogram,চট্টগ্রাম,Khagrachari,খাগড়াছড়ি
Chattogram,চট্টগ্রাম,Lakshmipur,লক্ষ্মীপুর
Chattogram,চট্টগ্রাম,Noakhali,নোয়াখালি
Chattogram,চট্টগ্রাম,Rangamati,রাঙ্গামাটি
Dhaka,ঢাকা,Dhaka,ঢাকা
Dhaka,ঢাকা,Faridpur,ফরিদপুর
Dhaka,ঢাকা,Gazipur,গাজীপুর
Dhaka,ঢাকা,Gopalganj,গোপালগঞ্জ
Dhaka,ঢাকা,Kishoreganj,কিশোরগঞ্জ
Dhaka,ঢাকা,Madaripur,মাদারীপুর
Dhaka,ঢাকা,Manikganj,মানিকগঞ্জ
Dhaka,ঢাকা,Munshiganj,মুন্সিগঞ্জ
Dhaka,ঢাকা,Narayanganj,নারায়ণগঞ্জ
Dhaka,ঢাকা,Narsingdi,নরসিংদী
Dhaka,ঢাকা,Rajbari,রাজবাড়ী
Dhaka,ঢাকা,Shariatpur,শরীয়তপুর
Dhaka,ঢাকা,Tangail,টাঙ্গাইল
Khulna,খুলনা,Bagerhat,বাগেরহাট
Khulna,খুলনা,Chuadanga,চুয়াডাঙ্গা
Khulna,খুলনা,Jashore,যশোর
Khulna,খুলনা,Jhenaidah,ঝিনাইদহ
Khulna,খুলনা,Khulna,খুলনা
Khulna,খুলনা,Kushtia,কুষ্টিয়া
Khulna,খুলনা,Magura,মাগুরা
Khulna,খুলনা,Meherpur,মেহেরপুর
Khulna,খুলনা,Narail,নড়াইল
Khulna,খুলনা,Satkhira,সাতক্ষীরা
Mymensingh,ময়মনসিংহ,Jamalpur,জামালপুর
Mymensingh,ময়মনসিংহ,Mymensingh,ময়মনসিংহ
Mymensingh,ময়মনসিংহ,Netrokona,নেত্রকোনা
Mymensingh,ময়মনসিংহ,Sherpur,শেরপুর
Rajshahi,রাজশাহী,Bogura,বগুড়া
Rajshahi,রাজশাহী,Jaipurhat,জয়পুরহাট
Rajshahi,রাজশাহী,Naogaon,নওগাঁ
Rajshahi,রাজশাহী,Natore,নাটোর
Rajshahi,রাজশাহী,Nawabganj,নওয়াবগঞ্জ
Rajshahi,রাজশাহী,Pabna,পাবনা
Rajshahi,রাজশাহী,Rajshahi,রাজশাহী
Rajshahi,রাজশাহী,Sirajganj,সিরাজগঞ্জ
Rangpur,রংপুর,Dinajpur,দিনাজপুর
Rangpur,রংপুর,Gaibandha,গাইবান্ধা
Rangpur,রংপুর,Kurigram,কুড়িগ্রাম
Rangpur,রংপুর,Lalmonirhat,লালমনিরহাট
Rangpur,রংপুর,Nilphamari,নীলফামারী
Rangpur,রংপুর,Panchagarh,পঞ্চগড়
Rangpur,রংপুর,Rangpur,রংপুর
Rangpur,রংপুর,Thakurgaon,ঠাকুরগাঁও
Sylhet,সিলেট,Habiganj,হবিগঞ্জ
Sylhet,সিলেট,Moulvibazar,মৌলভীবাজার
Sylhet,সিলেট,Sunamganj,সুনামগঞ্জ
Sylhet,সিলেট,Sylhet,সিলেট